26.08.2021 13:19:22,Car,EFC123
01.01.0001 0:00:00,TOM,
01.01.0001 0:00:00,TOM,
01.01.0001 0:00:00,TOM,
01.01.0001 0:00:00,TOM,
01.01.0001 0:00:00,TOM,
01.01.0001 0:00:00,TOM,
01.01.0001 0:00:00,TOM,
01.01.0001 0:00:00,TOM,
01.01.0001 0:00:00,TOM,
01.01.0001 0:00:00,TOM,
01.01.0001 0:00:00,TOM,
01.01.0001 0:00:00,TOM,
01.01.0001 0:00:00,TOM,
01.01.0001 0:00:00,TOM,
01.01.0001 0:00:00,TOM,
01.01.0001 0:00:00,TOM,
01.01.0001 0:00:00,TOM,
01.01.0001 0:00:00,TOM,
01.01.0001 0:00:00,TOM,
01.01.0001 0:00:00,TOM,
01.01.0001 0:00:00,TOM,
01.01.0001 0:00:00,TOM,
01.01.0001 0:00:00,TOM,
01.01.0001 0:00:00,TOM,
01.01.0001 0:00:00,TOM,
01.01.0001 0:00:00,TOM,
01.01.0001 0:00:00,TOM,
01.01.0001 0:00:00,TOM,
01.01.0001 0:00:00,TOM,
01.01.0001 0:00:00,TOM,
01.01.0001 0:00:00,TOM,
01.01.0001 0:00:00,TOM,
01.01.0001 0:00:00,TOM,
01.01.0001 0:00:00,TOM,
01.01.0001 0:00:00,TOM,
01.01.0001 0:00:00,TOM,
01.01.0001 0:00:00,TOM,
01.01.0001 0:00:00,TOM,
01.01.0001 0:00:00,TOM,
01.01.0001 0:00:00,TOM,
01.01.0001 0:00:00,TOM,
01.01.0001 0:00:00,TOM,
01.01.0001 0:00:00,TOM,
01.01.0001 0:00:00,TOM,
01.01.0001 0:00:00,TOM,
01.01.0001 0:00:00,TOM,
01.01.0001 0:00:00,TOM,
01.01.0001 0:00:00,TOM,
01.01.0001 0:00:00,TOM,
01.01.0001 0:00:00,TOM,
01.01.0001 0:00:00,TOM,
01.01.0001 0:00:00,TOM,
01.01.0001 0:00:00,TOM,
01.01.0001 0:00:00,TOM,
01.01.0001 0:00:00,TOM,
01.01.0001 0:00:00,TOM,
01.01.0001 0:00:00,TOM,
01.01.0001 0:00:00,TOM,
01.01.0001 0:00:00,TOM,
01.01.0001 0:00:00,TOM,
01.01.0001 0:00:00,TOM,
01.01.0001 0:00:00,TOM,
01.01.0001 0:00:00,TOM,
01.01.0001 0:00:00,TOM,
01.01.0001 0:00:00,TOM,
01.01.0001 0:00:00,TOM,
01.01.0001 0:00:00,TOM,
01.01.0001 0:00:00,TOM,
01.01.0001 0:00:00,TOM,
01.01.0001 0:00:00,TOM,
01.01.0001 0:00:00,TOM,
01.01.0001 0:00:00,TOM,
01.01.0001 0:00:00,TOM,
01.01.0001 0:00:00,TOM,
01.01.0001 0:00:00,TOM,
01.01.0001 0:00:00,TOM,
01.01.0001 0:00:00,TOM,
01.01.0001 0:00:00,TOM,
01.01.0001 0:00:00,TOM,
01.01.0001 0:00:00,TOM,
01.01.0001 0:00:00,TOM,
01.01.0001 0:00:00,TOM,
01.01.0001 0:00:00,TOM,
01.01.0001 0:00:00,TOM,
01.01.0001 0:00:00,TOM,
01.01.0001 0:00:00,TOM,
01.01.0001 0:00:00,TOM,
01.01.0001 0:00:00,TOM,
01.01.0001 0:00:00,TOM,
01.01.0001 0:00:00,TOM,
01.01.0001 0:00:00,TOM,
01.01.0001 0:00:00,TOM,
01.01.0001 0:00:00,TOM,
01.01.0001 0:00:00,TOM,
01.01.0001 0:00:00,TOM,
01.01.0001 0:00:00,TOM,
01.01.0001 0:00:00,TOM,
01.01.0001 0:00:00,TOM,
01.01.0001 0:00:00,TOM,
01.01.0001 0:00:00,TOM,
01.01.0001 0:00:00,TOM,
01.01.0001 0:00:00,TOM,
01.01.0001 0:00:00,TOM,
01.01.0001 0:00:00,TOM,
01.01.0001 0:00:00,TOM,
01.01.0001 0:00:00,TOM,
01.01.0001 0:00:00,TOM,
01.01.0001 0:00:00,TOM,
01.01.0001 0:00:00,TOM,
01.01.0001 0:00:00,TOM,
01.01.0001 0:00:00,TOM,
01.01.0001 0:00:00,TOM,
01.01.0001 0:00:00,TOM,
01.01.0001 0:00:00,TOM,
01.01.0001 0:00:00,TOM,
01.01.0001 0:00:00,TOM,
01.01.0001 0:00:00,TOM,
01.01.0001 0:00:00,TOM,
01.01.0001 0:00:00,TOM,
01.01.0001 0:00:00,TOM,
01.01.0001 0:00:00,TOM,
01.01.0001 0:00:00,TOM,
01.01.0001 0:00:00,TOM,
01.01.0001 0:00:00,TOM,
01.01.0001 0:00:00,TOM,
01.01.0001 0:00:00,TOM,
01.01.0001 0:00:00,TOM,
01.01.0001 0:00:00,TOM,
01.01.0001 0:00:00,TOM,
01.01.0001 0:00:00,TOM,
01.01.0001 0:00:00,TOM,
01.01.0001 0:00:00,TOM,
01.01.0001 0:00:00,TOM,
01.01.0001 0:00:00,TOM,
01.01.0001 0:00:00,TOM,
01.01.0001 0:00:00,TOM,
01.01.0001 0:00:00,TOM,
01.01.0001 0:00:00,TOM,
01.01.0001 0:00:00,TOM,
01.01.0001 0:00:00,TOM,
01.01.0001 0:00:00,TOM,
01.01.0001 0:00:00,TOM,
01.01.0001 0:00:00,TOM,
01.01.0001 0:00:00,TOM,
01.01.0001 0:00:00,TOM,
01.01.0001 0:00:00,TOM,
01.01.0001 0:00:00,TOM,
01.01.0001 0:00:00,TOM,
01.01.0001 0:00:00,TOM,
01.01.0001 0:00:00,TOM,
01.01.0001 0:00:00,TOM,
01.01.0001 0:00:00,TOM,
01.01.0001 0:00:00,TOM,
01.01.0001 0:00:00,TOM,
01.01.0001 0:00:00,TOM,
01.01.0001 0:00:00,TOM,
01.01.0001 0:00:00,TOM,
01.01.0001 0:00:00,TOM,
01.01.0001 0:00:00,TOM,
01.01.0001 0:00:00,TOM,
01.01.0001 0:00:00,TOM,
01.01.0001 0:00:00,TOM,
01.01.0001 0:00:00,TOM,
01.01.0001 0:00:00,TOM,
01.01.0001 0:00:00,TOM,
01.01.0001 0:00:00,TOM,
01.01.0001 0:00:00,TOM,
01.01.0001 0:00:00,TOM,
01.01.0001 0:00:00,TOM,
01.01.0001 0:00:00,TOM,
01.01.0001 0:00:00,TOM,
01.01.0001 0:00:00,TOM,
01.01.0001 0:00:00,TOM,
01.01.0001 0:00:00,TOM,
01.01.0001 0:00:00,TOM,
01.01.0001 0:00:00,TOM,
01.01.0001 0:00:00,TOM,
01.01.0001 0:00:00,TOM,
01.01.0001 0:00:00,TOM,
01.01.0001 0:00:00,TOM,
01.01.0001 0:00:00,TOM,
01.01.0001 0:00:00,TOM,
01.01.0001 0:00:00,TOM,
01.01.0001 0:00:00,TOM,
01.01.0001 0:00:00,TOM,
01.01.0001 0:00:00,TOM,
01.01.0001 0:00:00,TOM,
01.01.0001 0:00:00,TOM,
01.01.0001 0:00:00,TOM,
01.01.0001 0:00:00,TOM,
01.01.0001 0:00:00,TOM,
01.01.0001 0:00:00,TOM,
01.01.0001 0:00:00,TOM,
01.01.0001 0:00:00,TOM,
01.01.0001 0:00:00,TOM,
01.01.0001 0:00:00,TOM,
01.01.0001 0:00:00,TOM,
01.01.0001 0:00:00,TOM,
01.01.0001 0:00:00,TOM,
